County,Date,pH,Mg,Cu,Co
Carlow,April 1984,0.4676150109,0.6706999686,0.0562700861,2.9093457085
Carlow,August 2004,3.6415181675,1.2510033409,0.0008397104,3.2148604844
Carlow,March 1971,1.0243019667,1.1947293727,0.0002826562,3.8746610078
Carlow,March 2001,9.6088580761,1.1979594942,0.0901799708,2.7797798288
Carlow,November 1980,3.2519496126,0.21991553,0.063386593,3.6302989977
Carlow,June 1995,6.0038652842,0.7215763001,0.0242245959,0.0056655678
Carlow,August 1987,9.5915519894,1.2766239381,0.0197872682,4.5457553689
Carlow,February 1978,0.6460658446,0.0075424246,0.0219116412,1.0982423364
Carlow,July 1997,11.3220403333,0.2941988693,0.0428410832,1.1699623004
Carlow,February 1986,8.6416474534,1.0903604469,0.0150350553,2.4014930784
Carlow,April 2002,8.4367195164,0.8517159612,0.0081938582,4.4334950336
Carlow,October 2005,5.6341889856,0.8082096027,0.0816612672,0.8608386734
Carlow,March 1970,2.5503996679,1.4376199973,0.0332501839,2.3622851247
Carlow,October 1997,2.5529326461,1.1522820986,0.0866460368,2.0795608335
Carlow,August 2016,3.9743235017,0.095723383,0.0884687404,1.0528345151
Carlow,December 1983,2.5017462682,1.1147766255,0.0044019067,1.1580966917
Carlow,July 1989,1.7333122797,0.9136652995,0.0383970478,4.2240941341
Carlow,July 1984,13.7375289292,0.5594111835,0.0773433629,2.5530598039
Carlow,March 1990,6.612560405,0.3332798582,0.0313272858,4.3161600668
Carlow,July 2018,2.0288766224,0.9079587728,0.0116970606,1.0658492866
Carlow,December 2006,13.9491136783,0.1182722115,0.0321646695,3.222812033
Carlow,March 1984,11.9580757622,0.4386396212,0.0486942177,0.912836519
Carlow,October 1973,7.8395665497,0.4919591355,0.0364738535,2.1963583179
Carlow,July 1970,9.8127380359,0.8692651304,0.0164284743,0.4717921452
Carlow,January 1976,0.0527878079,0.8086371409,0.0123678028,3.8080587942
Carlow,August 2009,13.1550434588,0.4586856912,0.0484948404,2.0277575791
Carlow,April 1995,6.7376263891,0.3365309503,0.0318943623,0.7651087273
Carlow,January 1990,0.252910243,0.1420311034,0.0119091949,2.9827756902
Carlow,July 1971,12.5574265623,1.3150776331,0.0389591368,4.4160639303
Carlow,April 1974,3.0332065537,1.4556428053,0.0549089779,0.58544213
Carlow,April 2007,12.5594717435,0.7040166411,0.040209517,2.5858023547
Carlow,June 2011,6.6017220794,1.4730101701,0.0028358663,0.5515405078
Carlow,September 2016,5.4633810028,0.3863570268,0.0123572116,3.9047085009
Carlow,September 2004,3.6241775782,1.1089068842,0.0049689059,0.3508160996
Clare,April 2009,9.8035308633,0.4306168871,0.0588729944,4.651101527
Clare,January 1998,7.1438063237,0.1681517247,0.0189027349,0.0300248542
Clare,April 1997,0.8811738026,1.449621553,0.0249965135,3.3861251141
Clare,August 2005,12.5685724005,0.9298143378,0.0226688319,4.8302951335
Clare,July 2002,6.1734810788,1.1861081845,0.0475909825,2.7265700847
Clare,June 1970,6.7291919234,1.2427283974,0.0421578579,3.950850123
Clare,September 2003,11.767156226,0.8879450528,0.0822296613,3.1377322262
Clare,June 1971,11.5812605132,0.7091357846,0.0222478992,1.3665711267
Clare,March 1976,12.3301239704,0.3912917705,0.038460434,3.8400642242
Clare,March 1972,13.7576361671,1.2096079848,0.0373405545,3.2004619648
Clare,April 2010,2.4300176191,1.2376401705,0.0856588525,1.2520443589
Clare,February 2014,13.4627943951,0.5500777242,0.0118249711,0.6310450548
Clare,November 1995,12.7951469915,0.7814572007,0.0954919153,0.8425242742
Clare,April 1999,7.4385129589,1.4796120725,0.0217729689,2.3834279095
Clare,December 1976,0.7031822728,0.6437037479,0.0754620223,2.8050098451
Clare,February 2017,13.7910716481,1.1458380121,0.0519344513,3.4699965198
Clare,January 1999,11.0577736926,0.1627214413,0.0442369899,1.4235435544
Clare,January 1992,3.6711584829,1.2735568723,0.0251045131,2.2529356525
Clare,October 2001,3.3249362655,1.2411248958,0.0324482589,0.9630602181
Clare,June 2005,1.9231063775,0.1800545759,0.021818251,1.4575341665
Clare,October 2014,3.4566991397,1.4999533225,0.0777185253,3.2069546344
Clare,April 1970,0.7599346591,1.3765305517,0.0091789291,1.0701833254
Clare,June 1989,11.7457748451,0.6887800534,0.0598195286,2.4689391987
Clare,June 1987,2.5371500603,0.8127376875,0.0309905733,0.3073792801
Clare,March 1990,12.9880682616,0.3715980365,0.0651408671,0.5289550518
Clare,September 2006,9.4392496402,0.0910989818,0.0192400774,3.5908588052
Clare,December 2010,0.4800060447,1.0011326262,0.041599041,3.5445802651
Clare,March 1983,13.6305025292,0.6481382673,0.0814830274,4.8762513728
Clare,August 1991,11.5175103052,1.3147300407,0.003908886,1.98014452
Clare,April 2008,0.472190291,0.9640337174,0.076505927,1.3605120778
Clare,November 1993,13.4460856787,1.2845671954,0.0665480871,4.8664399349
Clare,April 2002,13.4982912154,1.1227075033,0.0307296177,2.6674450279
Clare,July 1981,5.7782414435,0.3616323472,0.0500792567,1.5251254935
Clare,March 2014,7.8431779514,0.5179949546,0.0441098717,4.1979974074
Cork,February 2013,8.503585493,0.8390498695,0.0050257898,1.4749892046
Cork,April 1996,5.6766655601,0.4470069699,0.0227305776,4.8224985309
Cork,March 2014,13.4060651766,0.9695214751,0.0611804652,4.5132493937
Cork,April 1974,9.6111762935,1.2924151479,0.0621318264,1.3431725734
Cork,July 1974,0.9854040417,1.2452108632,0.0992470065,1.8637579313
Cork,September 2010,0.4139967435,1.2536395695,0.0650458523,4.6335156567
Cork,September 1973,4.3970954875,0.1826154253,0.0074146203,3.6541366642
Cork,July 1970,7.2968919439,1.0964315935,0.0821519631,1.6526494973
Cork,July 1974,8.5434214407,0.4335251484,0.0756898966,2.1696069419
Cork,June 1981,12.7286970536,1.1654098787,0.020611644,3.3892233193
Cork,August 1992,3.8707257075,1.2468995734,0.0791119076,4.5517322079
Cork,February 1993,8.0612810151,1.1444094995,0.0596263939,4.2349388689
Cork,March 2005,4.8035152451,0.4895029462,0.0646319287,0.2905768953
Cork,March 2010,1.7942977044,0.1821692999,0.0303183172,2.8400929207
Cork,October 1974,7.61839163,0.5918272846,0.002979195,2.1668064854
Cork,October 2000,8.3505430124,1.1085502714,0.0996167617,1.4570150525
Cork,September 1970,9.772237442,1.4217966056,0.0116897266,2.6687302359
Cork,April 1980,11.6108097325,1.157035949,0.0494484991,0.8609308539
Cork,December 2007,12.502663199,0.3777757273,0.0974224366,4.3235593172
Cork,December 1973,11.0928597597,1.3153529226,0.0566890126,3.2995397924
Cork,March 1992,2.814717431,0.9148513823,0.0187491546,2.4773647198
Cork,March 1973,13.2550227588,0.2710741595,0.0708260771,2.768149897
Cork,July 2013,2.1660141868,1.4062117271,0.0326919952,0.6594390362
Cork,March 1988,13.1738746912,0.2502099802,0.0468702146,0.7226812145
Cork,October 1992,5.6740622809,0.5945417596,0.0570297812,1.6465884756
Cork,January 1977,6.1977776985,0.9337914894,0.0045670059,1.5586339759
Cork,June 2004,9.9448010811,1.1302340316,0.0193168263,2.9075703296
Cork,January 2017,5.6707213631,0.3390285699,0.0908021323,3.3402541979
Cork,April 1999,10.3034738243,1.1350314516,0.0507694397,0.2667462443
Cork,July 1975,8.8321750504,1.2798290693,0.072897932,3.5503154679
Cork,March 2008,7.2839322188,0.0566002221,0.0147059666,2.080996704
Cork,March 1992,12.5207257006,1.3706743263,0.0005247686,1.8082070105
Cork,March 2017,3.0341827912,1.0425862853,0.0156994386,3.1459912157
Cork,April 2011,11.6319109276,0.5734939425,0.0148668485,0.8780970778
Donegal,December 1996,12.8141564772,0.3354307544,0.0264664414,2.3894416209
Donegal,September 1986,3.1282715916,1.1242018515,0.0732409978,3.0796667612
Donegal,October 2009,4.7420673875,0.0581916412,0.0453935469,3.8421905511
Donegal,November 1974,6.7523185924,1.3831350563,0.0735484899,3.6885736869
Donegal,December 1982,5.7350318948,0.7001677037,0.0476288645,1.1172992621
Donegal,September 1974,6.9242192947,0.5604359675,0.0111925285,0.9698119576
Donegal,March 1970,3.040599458,0.4310980079,0.0053784374,4.2240545333
Donegal,January 1978,6.0486250812,0.16040106,0.0765991223,0.274994878
Donegal,February 1989,9.9798495191,0.7471459779,0.0042465669,4.2329432415
Donegal,October 1988,7.018458353,0.2764395289,0.0904765504,3.2782708484
Donegal,April 2006,1.1674072266,1.2971192433,0.0922853302,0.4003854745
Donegal,June 1985,7.8242517851,0.3810436268,0.0074710944,1.327481302
Donegal,June 1976,9.8024723271,0.3436355048,0.0319023327,3.4036183227
Donegal,June 1982,7.4165210434,0.538205602,0.0104144576,4.2366641124
Donegal,April 1989,7.5844401461,0.4249393438,0.086785031,1.6946776984
Donegal,March 2010,4.4929266511,0.7457803147,0.0750973053,1.3549420129
Donegal,August 2003,10.2829879984,0.0942091779,0.0210020906,3.8304864508
Donegal,April 2012,3.1727160778,0.4650059464,0.0793508794,0.9403412702
Donegal,September 1988,9.6985633358,0.677654245,0.0256051481,4.2980760373
Donegal,July 1976,10.9996670455,0.3687192515,0.0170465372,4.4783797262
Donegal,April 2017,7.5081369058,0.3183095333,0.0174735232,3.4682735675
Donegal,August 2017,1.3581327751,0.615193813,0.0393253903,0.8875525609
Donegal,December 1980,13.6096667883,1.132112485,0.0894660855,3.3603511575
Donegal,August 2007,5.9447342592,0.9439938013,0.089998681,3.326291753
Donegal,March 1999,0.8633688268,0.2755187536,0.0070478135,3.884209415
Donegal,August 2013,0.1994930321,0.0945099166,0.0830750408,3.2552598982
Donegal,February 2015,5.4706170559,0.2098709825,0.0781430876,3.0678999617
Donegal,June 1993,6.7721501292,0.1820053931,0.0023622615,1.5106504974
Donegal,June 1973,1.2455610057,1.3371175367,0.0533354243,4.4570738406
Donegal,June 1981,6.3985677402,1.2990785911,0.0187372913,0.1919063902
Donegal,June 1995,13.8045186906,1.1218514911,0.007299091,1.9136150302
Donegal,March 2018,2.4411900172,0.1221524808,0.092700218,3.4010154543
Donegal,April 1973,11.9027013022,1.4723982287,0.0102346394,3.5073725225
Donegal,March 1999,7.2308255349,1.4497321029,0.0823257684,4.6523122162
Dublin,March 2013,12.1545939314,0.9220662167,0.0833198618,2.3947255742
Dublin,September 2007,7.0443983106,1.2376444748,0.0829741054,3.0565012957
Dublin,March 1989,8.768734059,0.4787778876,0.0011690523,3.4808670661
Dublin,April 1986,6.1588352628,1.2389033404,0.0799313614,1.907814887
Dublin,January 1971,1.8154317284,0.6081053197,0.0345822541,4.8383952822
Dublin,December 2001,8.06515972,0.7369355158,0.0535278651,0.7703813628
Dublin,November 1990,8.0631136054,0.2202492909,0.0968341946,2.3308393995
Dublin,March 2013,12.0976260584,0.2696125209,0.0025298498,1.1907937562
Dublin,July 2004,3.4192558515,0.0168482944,0.0457554776,3.3126351586
Dublin,January 1996,13.9964942895,0.2794496111,0.0570464338,2.867528544
Dublin,January 1980,11.6442289777,0.6809697095,0.080792902,1.2315710488
Dublin,April 2016,4.2509082224,1.4355746381,0.0012266473,0.2621814477
Dublin,October 2007,8.4788066391,1.3722897946,0.0175561913,4.2456546117
Dublin,August 1994,4.5402153626,0.1855693376,0.0694542723,4.4385618555
Dublin,August 1986,9.1378092192,0.650200199,0.0782031763,3.2863000566
Dublin,March 2011,11.9057440417,1.3592191406,0.084549171,2.9621881778
Dublin,July 2001,5.6508014401,0.2220551124,0.0839961946,4.9044048455
Dublin,March 1984,4.1509109847,0.2908803865,0.05879696,0.4711530459
Dublin,July 2014,9.4429774568,0.9977934238,0.0841353196,2.0366838304
Dublin,February 1994,12.5888556765,1.2946507568,0.0792977208,3.9950999256
Dublin,June 1974,5.3220592362,0.7021161034,0.0785397431,2.3476333172
Dublin,October 2002,13.5112761066,1.3315338134,0.0092381578,4.06217131
Dublin,January 1982,3.1940390895,1.1031901023,0.0223125712,3.8554207142
Dublin,January 2015,10.6425041435,1.3232065222,0.0398844719,4.1429537831
Dublin,December 1998,1.9434859036,1.3722397267,0.0725606453,4.9622850154
Dublin,April 2013,5.0366366372,1.0314263674,0.0941639171,2.9488241732
Dublin,June 1980,2.214660595,0.2415569341,0.0039517429,2.9442997226
Dublin,January 1975,12.8831729212,0.3970066558,0.0875985982,3.0694407408
Dublin,September 1979,9.950715555,1.4202831849,0.0672796895,4.8021517346
Dublin,October 1989,2.6059594945,0.3548202507,0.0887206768,3.1300236065
Dublin,February 1988,12.4196128467,0.1674903204,0.0056786846,3.1279585255
Dublin,August 2011,10.1874037294,0.0479476051,0.0990976713,3.6951159709
Dublin,August 2010,11.3513114357,0.9544261769,0.0516392371,2.2720691945
Dublin,March 2017,0.4823457388,1.479969785,0.0579209,3.5659855177
Galway,February 1990,9.3287844666,1.0938138352,0.0651238732,2.3787196222
Galway,August 1990,7.2932286095,0.5037973226,0.0243114471,4.067654733
Galway,November 2016,13.0014403883,1.2121536225,0.0054249595,3.3069821141
Galway,January 1985,7.2744535801,0.2587403505,0.0979594223,0.2206939788
Galway,November 1970,0.9096505097,1.3075006493,0.0651976911,3.1217069275
Galway,February 1998,12.7803521794,1.3780141663,0.094465414,1.3670286723
Galway,March 1977,11.0118599664,0.1116767047,0.0313361597,0.0419338704
Galway,August 1981,10.3083572409,0.7540652213,0.0939347449,4.5165526843
Galway,August 1988,7.3867732448,0.1946548363,0.0616368092,4.1963498448
Galway,July 1979,3.6850296915,1.1020877357,0.0449644964,1.6691249656
Galway,December 1975,7.9102519853,0.0913840859,0.035526235,2.9103838197
Galway,July 2010,3.5981464974,1.321897895,0.0538464131,3.1902879015
Galway,September 1982,1.2554599093,1.2328228216,0.068578773,1.1422550921
Galway,December 2004,4.7746358725,0.4725530185,0.0534789538,2.7446068889
Galway,April 1998,9.8267875089,0.0402291849,0.0599561601,3.6443062286
Galway,December 2016,1.3768602806,1.3194640821,0.0232068098,1.9299170571
Galway,August 2001,7.9064173936,1.2515429041,0.0883376645,3.9050582549
Galway,June 2010,3.9786778282,0.6937968931,0.0776602264,0.582713314
Galway,January 1981,3.8509778002,0.3341889546,0.0380392031,0.3142565369
Galway,September 2011,7.7623456882,1.0440149497,0.0909487138,2.3474422977
Galway,January 1977,8.6546664864,0.474133764,0.0759584269,2.4120481255
Galway,December 1991,13.5345162372,1.1519093809,0.0269541214,0.8941301441
Galway,March 1986,8.3288180874,0.2729296665,0.0696683658,3.5990381313
Galway,April 1983,2.0431282314,0.799994975,0.0974358089,3.1275887371
Galway,July 1981,12.6256363992,0.2786770861,0.0645400205,4.0228412438
Galway,June 1996,3.7016188826,1.190440091,0.0121959325,2.5420297816
Galway,October 1978,9.9861937761,0.0501644441,0.0085612131,1.2431225983
Galway,September 2013,4.3989576063,1.338605029,0.0896071621,1.606022615
Galway,December 1992,7.8245401432,0.7766340888,0.060462512,0.9890941494
Galway,November 1975,11.1517544586,0.07129328,0.0267428126,4.92726765
Galway,March 1984,11.6307540661,1.062032177,0.0250151701,1.5786441499
Galway,January 1978,4.5695532162,0.6782362969,0.0618832723,0.8023341721
Galway,February 1974,6.6350851711,0.3273354952,0.0835852198,3.3898997537
Galway,November 1973,10.5760218139,1.4973650658,0.0493969094,1.7406651595
Kerry,February 1982,13.9613660162,1.016494871,0.0674572382,4.580992438
Kerry,January 1979,10.1240840585,0.0182507671,0.0397903814,2.6613863151
Kerry,August 1987,6.2465707063,0.614938304,0.0801820899,2.4259360697
Kerry,October 1972,11.6795061041,1.2297396559,0.0163203225,2.9645497878
Kerry,March 2012,2.4517899886,0.8454471174,0.0132675418,4.3423078476
Kerry,October 2005,5.3034091942,1.2071766474,0.0612050029,1.1650196661
Kerry,March 1996,2.2039940881,1.0465910986,0.0972332322,2.24996789
Kerry,April 2000,10.5593990074,0.32957278,0.0158194022,4.1074530434
Kerry,March 2009,2.6405729957,0.6923825792,0.0944467421,1.9273659762
Kerry,December 1984,4.993013259,0.2415341113,0.0406134005,4.3767703345
Kerry,September 1981,3.2442709623,1.1373595854,0.0048630459,3.6486267799
Kerry,February 1973,8.0840958283,0.5666432583,0.0205562539,0.820717815
Kerry,February 2001,7.1796992945,0.4406747346,0.0175583979,4.6747620615
Kerry,February 2005,10.1413702337,0.7257278899,0.0729142236,3.633646878
Kerry,December 2002,10.618737343,0.7590562643,0.0157251749,3.1914810935
Kerry,August 1993,3.7520245012,0.4729347453,0.0448950169,3.7071375232
Kerry,July 1983,3.5085324727,0.3387919523,0.0390987042,4.2378256869
Kerry,February 1979,8.5886917677,0.2337849892,0.0661544821,0.5899393435
Kerry,March 1972,0.4114511077,0.1233074045,0.0990428174,2.2576309734
Kerry,February 1999,2.2819202808,0.4840423729,0.0795334107,0.7610666485
Kerry,February 2016,2.7765168587,0.2515346958,0.0823135772,4.4509444473
Kerry,September 1997,1.6911562872,0.6834603869,0.0368517276,2.7521217799
Kerry,June 2010,6.3476035326,0.1192786492,0.0566369182,0.047775615
Kerry,February 2002,7.3004197656,1.14619043,0.0992927599,3.3928047965
Kerry,January 1989,12.5045820623,0.8226602166,0.0402899349,3.9388892904
Kerry,November 1989,4.7159991617,1.1159780257,0.0690474868,2.1603092611
Kerry,February 2003,11.6714621318,0.224027804,0.0018310456,3.4320026171
Kerry,March 1977,10.6849871952,0.7829233693,0.0258474197,2.2673456292
Kerry,June 1990,7.5068952898,0.414997389,0.023396344,2.298133679
Kerry,December 2014,1.9848235855,0.2407423652,0.0188734201,4.3149106411
Kerry,December 1970,4.9804536398,0.4938358065,0.0905037173,3.1412369271
Kerry,June 1997,3.9748557643,1.3857081347,0.0367095151,1.1557813331
Kerry,February 1997,2.3651173645,0.0210323799,0.0902362841,0.4694802453
Kerry,July 1973,11.1559629058,0.5980772098,0.0748362662,1.4590069701
Kildare,March 1987,1.2535147639,1.0876754053,0.0325548437,4.1478019786
Kildare,April 1988,7.1627375329,0.4732957268,0.047241897,3.9360508315
Kildare,July 1975,4.1770128764,1.2437042826,0.0710608181,2.0060533092
Kildare,October 1994,6.6975483904,1.3796747417,0.026346274,1.2259683713
Kildare,June 1988,10.1831597771,0.9494332964,0.0646572069,1.8762146125
Kildare,February 2004,10.617550442,1.058093821,0.0762428803,3.9036237482
Kildare,July 2016,11.5406892151,1.0066642987,0.09150729,1.9840011037
Kildare,June 2009,4.3021048483,0.4215537586,0.0559111748,4.0641158276
Kildare,April 2003,10.1438535386,0.3147929578,0.0413747793,4.0786078348
Kildare,September 1998,13.4114979257,0.7800111178,0.0747926854,1.5829983898
Kildare,February 1996,10.9767600344,0.3405062631,0.0140959511,4.6954619116
Kildare,September 2009,13.8938525912,0.4871419632,0.0235323643,3.8618258233
Kildare,July 2000,7.9070275599,1.2965903306,0.0915983381,0.3037002344
Kildare,April 2005,5.1947043416,1.2189528187,0.0968064629,0.2324542718
Kildare,October 2012,0.2020804559,0.0389884121,0.0507651534,3.1678589523
Kildare,October 2004,6.1455133856,0.0288377019,0.0008279349,4.2229667869
Kildare,November 1976,9.014777283,0.9143242807,0.0434062339,1.5516451535
Kildare,March 2005,1.9241238615,0.8771952513,0.0617221756,4.9182674214
Kildare,July 1996,13.8207609149,0.7021483684,0.0871394039,1.7241840186
Kildare,February 1994,6.1157420535,1.1956993402,0.0621645825,4.3648280764
Kildare,January 2012,4.668034585,0.6891582884,0.0491148423,3.9206775046
Kildare,November 1979,3.156404234,0.1971842441,0.0819136318,1.9718107174
Kildare,October 1997,0.0244458528,1.3621711244,0.0011038702,2.1502289031
Kildare,January 1970,5.7927465748,1.4680854063,0.0042660335,0.227657027
Kildare,April 2017,6.1739588574,0.3797240251,0.0382960999,2.2466709623
Kildare,March 1980,11.712264826,1.2696422994,0.0141182457,3.7259644496
Kildare,September 2005,12.2713125497,0.1358403539,0.0264679647,4.6674987303
Kildare,September 1980,5.3244746229,0.1918728824,0.081555434,4.8997508828
Kildare,March 1998,8.9485188547,1.0870284987,0.0368435984,1.5482153778
Kildare,October 1994,12.9839245527,0.8192600503,0.0139112446,1.9174106333
Kildare,February 1976,4.3575925154,0.2587628687,0.0023243587,2.6844669258
Kildare,June 2008,13.1972134127,0.9690935687,0.0296570339,3.2782593464
Kildare,June 2005,9.9281085576,1.4767520302,0.0442767149,2.8823922824
Kildare,August 1985,11.7744558205,1.268475413,0.0783169882,1.7401672061
Kilkenny,October 1990,7.4877588247,0.5989926027,0.066078635,3.5151116608
Kilkenny,June 2014,3.6965265683,0.7150749495,0.0894992231,3.6513671327
Kilkenny,April 2007,0.9045272843,0.8642814358,0.0423816613,3.1240929038
Kilkenny,August 1989,3.738777909,0.4681071225,0.0276950708,2.9545772434
Kilkenny,December 2003,0.6475589831,1.2311826529,0.003973689,2.4077849715
Kilkenny,April 2008,8.6803717179,0.4351051973,0.0900327872,3.0764066513
Kilkenny,September 2008,13.4547011401,0.3300839044,0.0843890359,3.7389574439
Kilkenny,November 1997,2.9286776121,1.492391354,0.0103438577,3.4170018399
Kilkenny,December 1985,1.5757112632,0.502047201,0.0459734948,1.4610814109
Kilkenny,April 2005,9.3482755253,0.4357661953,0.0888452194,3.9430911441
Kilkenny,March 1985,7.5765682569,0.1630314335,0.0610773891,2.0898559888
Kilkenny,January 1974,7.1807569081,1.0462208854,0.0392384759,0.9836762316
Kilkenny,March 1978,0.3306080888,0.0715260268,0.0585685687,3.8216333722
Kilkenny,July 2018,7.37360327,0.9625136927,0.0439452335,1.3435399715
Kilkenny,December 2006,5.6562086711,0.4888040987,0.0044884,0.0433990532
Kilkenny,December 2014,4.9862418915,1.3134117493,0.0996386229,4.1076705699
Kilkenny,April 1994,8.7038748184,1.0745907019,0.0953104265,3.1412923311
Kilkenny,June 2000,11.9186575437,0.6350594611,0.0032079303,4.9436203724
Kilkenny,March 2000,9.0637260288,0.3390720282,0.0602420432,4.2544304443
Kilkenny,December 2015,7.8635403013,0.0723664424,0.0337407167,1.4293554641
Kilkenny,December 2018,3.0368473206,1.383212745,0.0230790946,1.6392801828
Kilkenny,March 1974,5.9179561733,0.8684894392,0.0772498549,2.9721786142
Kilkenny,April 2018,3.346895957,1.2151251364,0.0994189421,4.2098220638
Kilkenny,April 1978,8.1218469398,0.5945712681,0.0475448268,1.8768792178
Kilkenny,July 1998,2.8817690214,0.8197884054,0.0174730586,0.6098181288
Kilkenny,March 2006,3.693965675,0.9595247444,0.0246198777,4.7671298953
Kilkenny,October 1989,5.7233118685,0.522086898,0.0315490678,1.501582102
Kilkenny,March 1992,5.575318026,0.3970860984,0.0785107208,0.8174969987
Kilkenny,March 1973,2.4560702508,0.309775059,0.0934636304,4.8903767454
Kilkenny,April 1982,11.4924470432,1.0223889717,0.0657079616,1.9199806506
Kilkenny,July 1984,7.6555448638,0.1287438127,0.065856293,2.2996556632
Kilkenny,July 1973,13.0129110768,1.1708999591,0.0233850179,4.7958457672
Kilkenny,April 1985,10.830884029,0.1001727544,0.0671777247,3.0880653044
Kilkenny,June 2013,9.964191854,0.2627992258,0.074649844,4.6217401988
Laois,April 2001,10.4717823047,1.054748172,0.0711255541,0.1377888814
Laois,March 1988,6.9818428627,0.7008290511,0.0733190111,3.8539659481
Laois,March 1972,7.6102422958,0.6739039491,0.0875611242,3.6777876295
Laois,August 1991,6.7179785795,1.2693484508,0.0334790567,1.4387469168
Laois,December 2008,7.7275493223,0.050488086,0.0659702789,2.8011418243
Laois,June 1999,8.2343224851,0.3311270918,0.0530856562,1.4241681473
Laois,March 1976,9.5486002962,0.5753421936,0.0904980191,3.2442043993
Laois,November 1981,2.3653056559,0.1853266628,0.0620853822,4.8120143264
Laois,March 1970,7.3572066246,1.4157193829,0.013202107,0.2142163712
Laois,June 2003,7.1702285653,1.0008404253,0.0289901012,1.0513924638
Laois,August 1970,2.9486437896,0.5540210167,0.0549720252,1.0752254206
Laois,October 2011,6.0214633453,0.0499589505,0.0502234036,2.1318197651
Laois,June 1990,9.1403535882,0.2967147211,0.0555090291,0.0429997881
Laois,December 1974,9.6467034457,0.4343671273,0.0165525677,4.249494634
Laois,June 1983,13.678166347,0.9129036539,0.0266213022,2.4722949691
Laois,February 1984,5.7188882069,0.1234233173,0.0267412912,1.4943157014
Laois,January 1971,3.8173979069,0.100427469,0.0474007417,1.65129092
Laois,March 2002,5.8563640848,0.1709016667,0.0579746629,4.5668444088
Laois,December 2013,12.0428340487,0.4936308153,0.005639434,2.4772358478
Laois,November 1999,11.4395995275,1.3693234267,0.060678152,2.6810154088
Laois,October 2008,7.7355991025,0.3175999397,0.0784498286,2.3969528478
Laois,June 2017,10.6247796674,0.0327601387,0.0870547363,1.6489649061
Laois,February 2009,7.7677008241,1.0029437655,0.0475863961,4.4069219899
Laois,November 1978,10.1656392109,0.1310261564,0.0998214819,1.6139195443
Laois,January 1975,13.7539316725,0.3536326389,0.0908350614,3.2912325249
Laois,June 2007,11.1253528478,0.7532823392,0.013989178,4.36216072
Laois,September 2015,2.5678177276,1.3337233792,0.0504159207,4.2367598946
Laois,April 2000,3.3434071135,0.3664135108,0.0782352294,0.3324537255
Laois,June 1977,6.6963240448,0.1459604118,0.0956512625,4.6723055327
Laois,July 1988,7.6971101479,1.4817458314,0.0469117809,2.6377038723
Laois,June 1980,6.7442802747,1.4888322782,0.082989275,3.3915428094
Laois,March 1997,11.1627180286,0.5573951872,0.0717441837,3.2868571458
Laois,December 1994,1.3469199431,1.2366451626,0.0807587613,1.3388898676
Laois,March 2001,5.1176955282,0.2415644235,0.0668669813,1.858997521
Leitrim,March 1994,1.7413746666,1.147506658,0.0199939114,3.2026143641
Leitrim,April 2001,10.4412352164,0.3814074308,0.0346800798,1.2330275488
Leitrim,December 1977,5.7193722944,0.065247526,0.066856517,1.0803388438
Leitrim,July 2017,9.8011054366,0.857269689,0.0054652197,3.9954696965
Leitrim,March 2002,3.6550913338,0.2478854081,0.0460574922,2.6388576588
Leitrim,August 2014,3.3663371972,1.4083931521,0.0108313346,4.6439973971
Leitrim,July 1999,2.4149079347,0.1959015263,0.0357187471,3.6804238518
Leitrim,March 1973,0.5415799523,0.0598390214,0.0976983852,2.8037229926
Leitrim,January 1991,13.1599702816,0.7923653844,0.007270408,3.2154103167
Leitrim,December 2008,4.0525926058,1.0541315345,0.0328350041,0.1502977715
Leitrim,March 1981,5.6831927451,0.9301335437,0.0380585547,1.0824061569
Leitrim,December 1978,5.3142979892,0.2195169657,0.0346694605,2.4771453594
Leitrim,January 1988,2.4829616918,0.1307925687,0.0023846497,3.7469776073
Leitrim,January 2001,4.8180402283,0.6240102045,0.053058565,4.5901027072
Leitrim,January 1973,13.1056043279,0.9808846183,0.0742523927,1.936908323
Leitrim,March 2004,7.1569370118,0.255568231,0.0225673136,2.0664025787
Leitrim,January 1989,11.4249792216,0.1608256897,0.014168726,2.9028791027
Leitrim,September 1985,5.759459593,0.2251931196,0.0129599997,2.8232983448
Leitrim,June 1986,12.7387878066,0.0602083294,0.0998302053,2.2323566884
Leitrim,November 1983,10.6711535873,0.2252987548,0.0853171812,1.1177977323
Leitrim,July 1979,4.2273027511,0.5758421395,0.0387478167,0.599356607
Leitrim,December 2009,10.1931125085,1.3176926715,0.073793345,0.1219426713
Leitrim,August 1973,5.1166666365,0.0173419009,0.0771414979,3.8875488492
Leitrim,February 1995,9.9073327802,0.6315648544,0.0749610073,1.7643444502
Leitrim,June 2007,5.7353137282,1.2114564772,0.0040041485,4.5806726029
Leitrim,August 1990,10.6831331812,0.7778327524,0.0419643998,0.0680829816
Leitrim,March 1988,2.5004094838,0.5352804545,0.0581121807,3.9061991981
Leitrim,December 1988,6.1597649912,0.2090808604,0.0896590995,4.1198511182
Leitrim,March 1993,5.7512512109,1.4043676329,0.005761077,3.5836375963
Leitrim,August 1975,5.5907675066,0.0607280139,0.086306657,3.4925423658
Leitrim,April 1998,4.4839071886,0.6414716674,0.0698282461,3.0165270647
Leitrim,September 1995,13.3722924956,1.0450077259,0.0166828989,2.1965296848
Leitrim,July 1980,10.2959466913,0.2709261624,0.0613745139,0.9660604119
Leitrim,February 2018,0.7241969497,0.3355382615,0.0026421537,3.522361753
Limerick,January 1984,11.5173653967,0.5883613902,0.0537235502,0.7583383704
Limerick,August 1999,4.07764904,0.9808479033,0.0056169957,3.6466146329
Limerick,October 2000,0.7200667562,1.3657176037,0.0703099822,3.4872105212
Limerick,June 2018,8.2001477191,0.304465103,0.0706375203,2.7406951738
Limerick,April 2018,6.9621511777,1.2695912165,0.0579652295,3.2518602973
Limerick,April 1987,8.6222494732,0.5899167365,0.0084591099,3.4459237308
Limerick,March 1980,7.5689900995,0.2424652678,0.0414041253,2.5134226411
Limerick,February 2012,2.4934214144,0.1204152751,0.086774774,0.0371825839
Limerick,October 1976,1.615554078,1.018577439,0.0140912983,1.6056205333
Limerick,October 1999,6.188841334,0.4711983409,0.008856204,1.1965895832
Limerick,October 1975,9.2295581441,0.3351944893,0.0573000499,3.4814194532
Limerick,October 1987,9.344688665,0.2184358712,0.0991084704,0.5272810466
Limerick,January 1987,5.5267159761,0.0250504326,0.0081075976,2.9018541353
Limerick,February 1980,10.2201904035,0.3446777333,0.0538897752,4.3305211359
Limerick,June 1978,9.174469771,1.481283016,0.0727299244,0.4538873518
Limerick,March 1982,1.5105127301,0.0316856486,0.0018398329,3.6123045643
Limerick,March 2003,9.3281989848,0.245757645,0.0315618944,3.0279820911
Limerick,November 1986,13.3978574173,0.9141338139,0.0082933741,3.4858592015
Limerick,July 1978,4.6061422935,1.1788045188,0.0911273553,4.4689045451
Limerick,August 1971,4.0031855236,0.2392429964,0.0318122007,0.6169193523
Limerick,October 2003,2.6455900054,0.5470696715,0.0665443241,4.4587295231
Limerick,June 1985,11.1898918578,0.3217527581,0.048115314,3.8389868655
Limerick,June 1999,5.5912487772,0.5560367112,0.0545322156,2.3121117523
Limerick,March 1983,10.9099022559,0.6574515615,0.0310423532,0.5505545876
Limerick,October 2017,1.3525674923,1.255337239,0.0646061612,4.8662421807
Limerick,September 1972,11.7582039564,0.2873693014,0.0005896873,2.1284567481
Limerick,March 1993,0.0132822481,1.3062277771,0.0004525289,4.8730948491
Limerick,February 1998,4.1960758143,0.3875462299,0.0871651674,3.4431869705
Limerick,June 1984,11.9834595696,0.9753283684,0.0579795705,4.3830339189
Limerick,December 2011,13.8814720593,0.6774364764,0.0319279037,0.2802747519
Limerick,March 2013,0.91596916,1.007859847,0.095545944,2.0387123632
Limerick,October 1985,4.2863203835,0.9984401102,0.0094401625,1.8972654682
Limerick,January 1980,10.3329056395,0.5717918249,0.0742936622,1.8783470176
Limerick,January 1993,12.4217972273,0.5732573978,0.0275516413,1.2352339573
Louth,October 1998,9.947505163,0.5067960119,0.0063454462,3.4981557805
Louth,March 1985,5.8267889924,0.1806779926,0.0136688616,4.7791822062
Louth,February 1992,8.9399580291,1.0923969914,0.0699290892,4.5215929883
Louth,March 2005,9.645952519,0.0447135159,0.0707784435,3.1722952273
Louth,November 1977,3.4050302048,0.1086606297,0.0565875469,3.5982453415
Louth,January 1986,0.1954802588,0.1730346422,0.0496343968,2.0924058944
Louth,March 1989,9.4846958428,0.68081282,0.0606773261,1.4811446314
Louth,October 1984,1.4249448484,1.2584770712,0.057290738,1.7006264138
Louth,December 2005,3.294718632,0.1685921808,0.0478423384,0.2585625271
Louth,October 1993,3.451197756,1.0436907729,0.0419015505,1.7019172969
Louth,March 1985,5.6936051938,0.8148771797,0.0530789992,3.7210067676
Louth,October 2008,13.2741196253,1.4994715502,0.0962439185,0.1921445598
Louth,April 1992,3.1213572123,0.507777504,0.0934217597,2.1452153097
Louth,July 2015,2.1959718402,0.1294439851,0.0995495343,1.411446616
Louth,June 1984,10.9174838036,1.1699778732,0.0202504204,3.6937657526
Louth,January 1970,10.5530230606,0.0105159102,0.0131209377,2.4175043075
Louth,June 1983,2.3198905261,0.0327948842,0.002307305,0.994996974
Louth,February 1996,2.8261288227,1.1739242776,0.0428714462,1.3484849561
Louth,August 2008,9.7107755685,1.2667728909,0.0791468789,2.9436930022
Louth,June 1991,12.2628931559,0.298631802,0.0367924541,3.1633049717
Louth,February 2008,3.5141486305,1.3725730389,0.0472646506,0.6559515896
Louth,January 1990,6.8062691338,1.2755167607,0.0379480072,2.3817626725
Louth,April 2014,6.9003359295,0.929908901,0.0394445428,4.254724416
Louth,March 2014,4.5759965449,0.4047403022,0.0288195855,3.9878970763
Louth,June 2001,4.150580536,0.4270846925,0.0771038952,3.5372892826
Louth,October 2006,6.8847538874,1.1640222712,0.0649640434,2.9030786311
Louth,June 1975,6.5325943524,0.2519551147,0.0653158222,4.638743314
Louth,August 1994,6.7848581784,1.4656682698,0.0783223677,2.6888063166
Louth,September 1976,9.3643646001,0.3363046906,0.0562515041,2.839329553
Louth,December 2015,1.647487625,0.2511093944,0.0949505183,4.2612035239
Louth,July 2015,8.0750302893,1.3052288832,0.0136551845,1.1690588571
Louth,December 1981,6.5747848763,0.0231214154,0.0233641668,2.5598366137
Louth,October 2018,2.8185525836,0.1060228599,0.042021201,1.5376668093
Louth,November 2017,9.4244502225,0.3258523134,0.0188366067,0.0368239425
Mayo,September 1983,0.8861678692,0.6349716622,0.0282225584,4.0546896045
Mayo,October 1998,6.3477498386,0.7816308524,0.0578358418,2.6608488248
Mayo,October 2003,1.3184945101,1.0684952169,0.0494309613,0.2845790935
Mayo,July 1980,13.4450092746,1.1038015586,0.0770972758,1.988852793
Mayo,August 1979,10.303228206,0.3308842282,0.0284379119,4.9621491291
Mayo,August 2006,7.8378675598,1.3786382766,0.0992689521,3.5276886282
Mayo,March 1991,13.836951446,0.3036170589,0.0569192972,4.2023638978
Mayo,July 1992,11.1327336664,0.5333527715,0.0635063575,0.4978298613
Mayo,January 1979,13.3754345694,1.0696540442,0.0765229839,2.126012719
Mayo,March 2008,5.605506137,0.6469906367,0.0844775075,4.5987772241
Mayo,March 1998,6.0582460044,0.8627990581,0.0450434663,3.2740191386
Mayo,July 2009,3.8545388337,0.6884761924,0.0126402561,4.2068718564
Mayo,March 1983,1.2290030861,1.1302538337,0.056032624,4.8379151193
Mayo,March 2003,10.6746198353,1.3600563442,0.0821446345,0.2645719533
Mayo,April 2010,10.6211450994,0.2659628131,0.062592968,2.381964595
Mayo,December 2012,3.5848560266,0.5513892552,0.0428949245,2.8538801493
Mayo,March 1987,10.8609402758,0.3995209552,0.0055179517,1.2351700942
Mayo,April 1971,7.0010991759,0.8507049736,0.0581797916,0.7934744135
Mayo,March 1987,4.8023017498,0.6638114241,0.0250172341,3.7891682613
Mayo,March 1990,5.1189766615,1.1951689341,0.0905975855,2.5009001659
Mayo,February 2000,2.857515812,0.477133695,0.0765187216,4.5514262793
Mayo,September 1978,13.2029341633,0.6635946631,0.0435511049,0.2331852356
Mayo,January 1984,10.9670530028,0.4769666451,0.0511100598,2.4364233817
Mayo,June 1976,9.9787914545,0.4438437798,0.0962877876,4.8769230975
Mayo,December 1989,11.2502287492,0.7136666186,0.0442769974,3.9091834327
Mayo,January 1988,7.5999894798,0.8227539737,0.0973957914,4.1597011712
Mayo,January 2011,0.271021733,0.5730568789,0.0084042643,4.229206944
Mayo,February 1975,6.7679834053,1.1874229874,0.0224013169,4.8113362007
Mayo,December 1987,0.2330239176,0.2960271647,0.024169516,0.0125631443
Mayo,April 2015,4.632321188,1.4850517728,0.0328675134,3.4667856789
Mayo,July 1994,2.2083026011,0.257682165,0.0069918608,0.46242843
Mayo,March 2004,4.6236010202,0.5767259109,0.0677237919,4.8163225787
Mayo,August 1977,11.3923992995,0.2722833381,0.0573066067,0.4722771648
Mayo,January 1976,12.2249164916,0.1054144626,0.0451217933,2.0364196152
Meath,August 1983,6.9243450053,0.7737489745,0.0726230134,4.9190382968
Meath,February 1985,11.2494087605,1.0338706011,0.081239915,2.0990321121
Meath,December 1997,0.3543798686,0.8540360719,0.0388481424,2.9641306891
Meath,March 2016,10.4431666897,0.5192370894,0.041970415,4.2618892284
Meath,July 2013,11.0677316183,0.9525373508,0.0216007234,4.5561773948
Meath,March 2017,12.3925988714,1.0292900425,0.0862505144,2.2316411485
Meath,February 1970,5.1584448736,0.3165391128,0.0502900469,3.3590021639
Meath,September 1996,10.1381977717,0.1292853604,0.0487581692,0.9417043457
Meath,November 1982,1.5990895082,1.3314389427,0.0900655355,3.4605074261
Meath,March 1982,7.3387941406,0.592496522,0.0312627202,3.018302049
Meath,November 1987,3.0823987718,0.4316247189,0.0638680368,4.4359890608
Meath,March 1981,10.9700875784,0.6171038058,0.041338549,4.7967466891
Meath,October 1996,3.4666996518,1.3190848953,0.0682497566,2.4790908585
Meath,August 1972,11.7828530107,1.3446264299,0.0146825807,0.4937704891
Meath,August 2000,9.9235491382,0.0051625062,0.039903161,2.2001448161
Meath,October 1993,0.1431736362,0.9630509457,0.0466665978,2.3366751628
Meath,February 2001,2.7717589013,1.049439961,0.0059408351,0.671036148
Meath,March 1981,7.8290492743,0.5062270269,0.0131478358,1.4118770983
Meath,March 1975,2.2075241647,1.2812426926,0.0686065373,2.2054895835
Meath,March 1982,9.9049996978,0.4494380008,0.0221440917,3.1627247644
Meath,April 1991,7.20565685,1.4371040948,0.0894420807,1.9725615824
Meath,March 1989,11.8857868925,0.3830856859,0.0223411507,0.2622154347
Meath,November 1984,1.4233839014,0.2502178984,0.0677013292,1.3326484865
Meath,November 1998,5.3432368545,0.6614707822,0.0248001461,4.8600342029
Meath,March 1971,11.3760699657,0.5580356129,0.0219240492,2.7800925722
Meath,February 1971,3.6034839563,0.9784375639,0.0637907072,0.822336857
Meath,June 1992,2.1249002663,0.365280655,0.0187332677,3.1575329022
Meath,June 1994,5.5664321647,0.3885023025,0.0655310968,3.0098539858
Meath,January 1972,2.6671811879,0.4892268823,0.056556853,2.9131056613
Meath,March 1977,8.7617334165,0.1672921267,0.024552256,3.3492912191
Meath,July 2014,9.015517776,0.8767154198,0.0440760826,1.9287226256
Meath,January 2009,7.2197569382,1.0352308954,0.0022103646,3.0421141489
Meath,April 1975,10.378817495,0.8574096165,0.0668592667,1.2235700204
Meath,December 2009,4.8631249129,1.3501007957,0.0333554964,2.9452553648
Offaly,December 2017,3.3331057263,0.8119267621,0.0768155824,3.063396318
Offaly,December 2005,7.9887741027,1.1325276139,0.0155096489,1.7397529542
Offaly,July 1987,2.5414610977,0.9827526333,0.0080591279,4.9305409085
Offaly,January 1973,6.0545332557,0.3305613996,0.0011443256,1.242632095
Offaly,February 2010,3.8325987419,0.4349816421,0.0099385226,4.1679838655
Offaly,June 2015,12.1433284751,0.2827608222,0.0034577415,4.757241025
Offaly,July 1977,2.4838018287,1.2563509451,0.026635018,4.5886011082
Offaly,June 1997,11.6424395554,0.7859455784,0.0638702486,2.6245872873
Offaly,March 2016,0.9643162358,0.9711685472,0.021685686,1.0522637399
Offaly,October 2012,5.3052290404,0.8362260662,0.0806953303,2.7985543279
Offaly,September 2001,10.1729925373,1.0323366885,0.0172377173,4.8720001258
Offaly,June 1975,11.568412925,0.5457383344,0.0426908358,1.1852535806
Offaly,October 1996,7.4823857947,1.2610135998,0.0415271393,3.7890255392
Offaly,March 1975,13.3419807356,0.96909572,0.038504203,4.6175949897
Offaly,June 1994,12.3216379222,0.7160709505,0.0603955065,3.8611174946
Offaly,February 1991,6.7722872469,0.5659204,0.0638537853,3.2579041323
Offaly,July 1972,3.8878832438,0.0940998055,0.0344513544,3.4929021311
Offaly,June 1998,8.9072738198,0.1803804095,0.0503312669,1.812970138
Offaly,January 2002,1.2698503507,1.2790037687,0.0739452346,0.3126579256
Offaly,March 2016,10.3366633479,0.4757537797,0.0592168762,3.5353463686
Offaly,October 1995,11.195378472,0.7112258512,0.0468799626,4.8982387961
Offaly,October 2010,0.4421688048,0.1389689921,0.0275564377,0.7548475539
Offaly,December 2012,2.685114292,0.0662018232,0.033708499,2.0267730316
Offaly,September 2014,8.9213011453,0.5300291997,0.0591431355,1.1756660363
Offaly,October 1992,0.4769558637,1.1736488399,0.0089255929,1.9482942613
Offaly,January 2016,7.7591526734,0.5419303628,0.0203646408,4.787039149
Offaly,February 2011,2.633815325,1.1145757158,0.0771619131,2.0910789819
Offaly,April 2013,2.1692036919,0.5728828192,0.0829369255,1.933892575
Offaly,December 2002,13.481079498,0.9698099644,0.0642157563,0.2637077311
Offaly,October 2004,2.6909336482,1.4025667056,0.0465728526,2.1858814797
Offaly,February 1983,11.0485174963,1.3114360936,0.0858032147,3.4078666035
Offaly,January 1982,1.7434436369,0.972181404,0.0169579922,4.8140823424
Offaly,June 1978,3.0027978735,0.1544313209,0.0569729054,4.5711858572
Offaly,September 2012,12.0264973905,1.3107379394,0.0357492085,4.0488667499
Roscommon,January 2008,3.1709892758,0.1910997448,0.0374653771,3.0694837119
Roscommon,June 2004,11.8787647301,0.8401893648,0.0913652319,4.2768746211
Roscommon,June 2009,12.8734089374,0.3528790711,0.0489487958,4.8498786039
Roscommon,July 2007,12.9465469319,1.3850416823,0.0570473309,3.4184171694
Roscommon,June 2011,11.144235935,1.3430434628,0.0970337248,4.841645858
Roscommon,April 1973,9.3789907101,0.8342427882,0.0990660893,3.9219206442
Roscommon,June 2002,11.1787953876,0.6175990067,0.0482212228,4.3796545599
Roscommon,April 1970,10.7815375612,0.3769729521,0.0630899079,2.0872547918
Roscommon,March 1978,9.3067969325,0.2191023384,0.0123270805,4.191056745
Roscommon,September 2000,9.5325843078,1.1226561099,0.0530964486,4.7364942336
Roscommon,January 1974,6.5024330081,1.3660448538,0.0482097901,0.2795728547
Roscommon,April 2012,2.1234792722,0.4444819825,0.0023952179,0.8751866622
Roscommon,March 1980,4.0156026659,1.045526223,0.0298855054,1.0263258739
Roscommon,October 1999,0.8781998795,1.3599527099,0.0336650132,0.4922965629
Roscommon,October 2009,13.3107820065,0.4205154737,0.0467426785,0.3547668305
Roscommon,April 2009,3.5716804969,1.1947136231,0.0036968009,4.9223475904
Roscommon,April 1996,13.1668857262,0.4876722082,0.0389265688,0.9205877499
Roscommon,January 2003,9.3148869748,1.3993951345,0.0226966959,3.7584621874
Roscommon,August 1997,3.1798608568,0.3420073691,0.0492920265,1.3598445877
Roscommon,July 2016,13.5055744336,0.7638523437,0.0454827816,0.1855579769
Roscommon,April 1979,10.9321793837,0.5000899154,0.039948731,0.0588656952
Roscommon,November 1972,7.3730054106,0.870975919,0.0816347381,4.4692285917
Roscommon,October 2001,12.9182843357,0.5040899543,0.0554581258,0.3049728253
Roscommon,February 2007,10.8806117923,0.5960275907,0.065028391,1.2164598391
Roscommon,July 1982,7.5373392488,0.8089974893,0.0929560892,1.1019328012
Roscommon,March 2000,3.5174738117,0.214122877,0.0140433059,4.5644748685
Roscommon,April 1993,2.1933032771,1.1682800983,0.0685224607,3.4483122285
Roscommon,March 1979,4.9760935962,0.2149744785,0.0159938922,0.3416654407
Roscommon,April 2003,6.855819847,0.6945280181,0.0069469974,1.2277688671
Roscommon,January 1986,0.7684215399,1.2423857501,0.0971496891,3.9003029353
Roscommon,June 1993,9.6362777528,1.4918535963,0.0222102135,1.5287654287
Roscommon,January 1994,0.0711050771,0.4745812902,0.0916055846,2.6714495404
Roscommon,October 2002,12.3747681565,0.4424170145,0.015088726,2.2600765486
Roscommon,July 1976,5.5029607672,0.9766312747,0.018666544,4.0428503593
Sligo,June 1998,12.3273119935,1.4217002634,0.0195964997,0.5378874332
Sligo,March 2012,12.7762630988,0.727874714,0.0571548635,4.9853882097
Sligo,April 2016,6.434417235,0.7199255154,0.0404225368,4.21032588
Sligo,October 1977,9.689495372,1.4891923064,0.0742375536,3.3179010537
Sligo,October 1991,11.0086575059,0.8099670849,0.0911303118,1.043862294
Sligo,April 1981,10.658857796,0.0864687863,0.0264989933,0.5499827511
Sligo,March 1978,8.798694609,0.0073136322,0.0073498284,4.4191541368
Sligo,February 1977,7.9382228082,0.0697920396,0.0242418053,2.9509219325
Sligo,January 2004,3.516208777,0.053544583,0.0722694213,2.9298637935
Sligo,March 2009,9.1296791334,0.6929420329,0.0756609775,0.5368770335
Sligo,July 1986,10.5602542712,0.8677855989,0.0565602634,0.5542177758
Sligo,November 1991,3.8051167896,0.2839463536,0.0877942648,1.9110182132
Sligo,March 2002,10.1236372823,0.6758465943,0.0275917794,1.0740809267
Sligo,October 1986,12.7756030354,0.7317578668,0.067759483,2.7393970381
Sligo,December 1979,1.0684755883,1.2464799022,0.0054801633,4.4745575635
Sligo,October 1981,0.4207896656,0.3319219292,0.0815625126,2.4217381136
Sligo,March 2018,11.3826999442,0.9001961649,0.0219162204,2.233608453
Sligo,September 1987,9.5840613961,0.7688472271,0.0350682389,1.8858838894
Sligo,August 1996,13.0659340573,0.8478125552,0.0545407981,2.2683292297
Sligo,March 2011,11.5841417741,0.1215032806,0.003665771,3.6090180782
Sligo,April 2015,7.7059683798,0.1593178965,0.0467712843,2.4337334729
Sligo,February 1995,4.6588348498,1.0498410679,0.0583866445,4.0243523003
Sligo,June 1996,2.2780585483,1.3331532419,0.0877146861,4.1400059405
Sligo,January 2007,1.958050483,1.2676712165,0.092772568,4.6642391307
Sligo,June 1979,4.114662766,1.0313751684,0.0739250139,4.1947467382
Sligo,December 2004,5.4113649348,0.5637662091,0.0304928472,0.3974737656
Sligo,November 1988,10.355942948,0.7507342595,0.0708284813,1.609237793
Sligo,March 1996,9.4548250152,1.1663441962,0.0852529991,2.982675382
Sligo,July 1972,4.1534338891,0.0923165952,0.0113353964,4.4985805177
Sligo,July 2003,2.1042512856,1.326676789,0.0416749181,0.5975773413
Sligo,March 1986,9.9001765225,1.0600515395,0.0372416115,2.5553701922
Sligo,January 2005,0.3965821115,0.6464287154,0.0431897988,0.1049996166
Sligo,December 2007,4.1666516914,0.8867045966,0.0073399105,4.3857245023
Sligo,January 1993,8.4154116009,0.5227173074,0.0474262512,3.0154100777
Tipperrary,January 1991,3.829966552,0.8165719406,0.0683201175,0.7179201421
Tipperrary,March 1976,5.3449929095,1.2304680641,0.0140082809,1.7792812189
Tipperrary,October 2014,7.1060805006,0.463190039,0.0288474558,4.5443974012
Tipperrary,April 2011,1.0827173259,1.214055662,0.0602164789,3.4166596694
Tipperrary,January 1972,2.786017252,0.2888064814,0.0060457177,0.2325378514
Tipperrary,July 2017,7.7931620519,1.2991489097,0.0450713279,3.340083844
Tipperrary,August 2015,2.2818709564,0.0261238363,0.0469755372,2.6537299964
Tipperrary,July 2012,0.7614793558,1.2816857609,0.0909724274,1.1003896684
Tipperrary,March 2015,4.6264816376,1.3558557332,0.0506799464,2.3769426883
Tipperrary,January 1987,9.9276670584,0.2123860448,0.0669572133,3.977557526
Tipperrary,December 1972,5.8787613012,1.0328217238,0.0285835387,0.1057054418
Tipperrary,October 1990,6.9861601014,0.6820842152,0.0983237022,2.4550088798
Tipperrary,December 1971,5.9151273172,0.1798576017,0.0500484396,0.9922024037
Tipperrary,December 1995,8.489825755,1.1887413021,0.0618708426,3.4206974424
Tipperrary,April 1972,0.5339956173,0.3063446949,0.0296974575,1.3806098589
Tipperrary,June 2003,9.1884009482,0.5812477632,0.095777559,4.6439493104
Tipperrary,April 1994,11.5424900269,1.3810529928,0.0949407535,3.3580550332
Tipperrary,December 2010,5.5787485399,0.7879843558,0.0327053838,1.1293605908
Tipperrary,August 1989,7.3685725521,0.335809426,0.065420618,3.2768498511
Tipperrary,March 2007,10.0621276196,0.0410672926,0.0631672723,2.2771853633
Tipperrary,December 2003,5.7157440591,0.9929558267,0.0732611741,2.9805263496
Tipperrary,January 1981,12.4593764536,1.0207663667,0.010693429,1.5274562494
Tipperrary,March 2012,1.5103909105,0.3215498275,0.0662474929,0.7952786665
Tipperrary,June 2008,0.5828565977,0.9550493528,0.0773088169,1.7179754475
Tipperrary,October 2007,5.9687961345,0.0823026395,0.0183522352,1.5947662951
Tipperrary,August 1993,5.113921388,0.2182638397,0.0948713737,3.6945439387
Tipperrary,October 1982,10.7130528951,0.0582459107,0.0690667514,4.9422188469
Tipperrary,September 1975,6.2325971252,1.1924831896,0.0546371237,4.3556485303
Tipperrary,December 1999,3.9248857847,1.4584470605,0.0725791801,2.0278886471
Tipperrary,March 2007,7.1295243323,0.5207394939,0.0351973741,3.6791585345
Tipperrary,June 2012,7.4909381516,0.8589641176,0.009181924,1.1208667109
Tipperrary,April 1990,4.9842197319,0.4706005103,0.016462287,0.1926139636
Tipperrary,June 2000,4.8436976936,1.3877699218,0.0599662544,4.4268626916
Tipperrary,October 1983,6.3930849222,1.1424371928,0.0577088727,1.2354679277
Waterford,September 1971,13.9094850959,0.7180731223,0.0207519462,2.382230831
Waterford,June 1992,1.6015018921,0.8854358855,0.0498864175,1.9370764545
Waterford,August 1988,12.2452418827,0.3412319797,0.0367898903,2.3984120276
Waterford,October 2006,4.1486412634,0.3134552319,0.025807392,3.7153699718
Waterford,March 2008,3.1269269772,0.659239602,0.0190479409,1.0137478038
Waterford,March 2011,7.8311523366,1.2126695225,0.0952342389,3.9889307163
Waterford,August 1982,11.4957441857,0.7563372307,0.007833257,2.7602132023
Waterford,January 1992,6.7738913861,0.0228423538,0.0043545264,1.2345998946
Waterford,February 1999,0.0608430886,0.5956479569,0.0610018535,0.5774952461
Waterford,June 2001,6.2790606169,0.4280666367,0.0355730015,0.7630662243
Waterford,June 1972,10.7947853255,0.0967084724,0.0573832632,4.2694020011
Waterford,April 1977,4.7356625436,0.3537756056,0.0576735052,2.8108886011
Waterford,September 1977,10.2145658811,1.1203533963,0.0447841425,2.279382123
Waterford,August 1986,9.7912047057,1.2458647573,0.0552932886,0.3943006705
Waterford,April 1971,10.41736386,0.6255543001,0.0011863863,1.1262528496
Waterford,August 2018,9.1744026677,1.1696405307,0.0221290599,3.8553885332
Waterford,August 1998,0.218460414,1.3193931357,0.0642873852,3.6988462561
Waterford,March 1991,2.824611888,0.9066773895,0.0201710746,3.8116045387
Waterford,April 1995,6.1669492593,1.4166917419,0.0626198141,2.7876368168
Waterford,March 1974,12.2586541746,0.9623453603,0.0800283667,3.7849072108
Waterford,July 2008,12.9954733001,0.9271258311,0.0600977178,2.7079047399
Waterford,March 2018,12.9804339166,0.4990431896,0.046394767,3.0210605055
Waterford,March 1986,5.1549965335,0.3257883631,0.0696001566,0.3848995904
Waterford,July 1971,3.1469567976,0.9186622033,0.0202963783,1.8902755155
Waterford,August 1974,10.7327994604,1.3794909311,0.0714136892,2.2869573764
Waterford,January 1997,7.6279509425,0.6967739078,0.0049916791,2.5799467181
Waterford,October 1979,0.8796390616,1.0226095508,0.0456067692,3.7358651016
Waterford,June 1991,2.414931006,0.4613203665,0.0608843421,3.7861565861
Waterford,January 1995,6.629916054,0.6342439863,0.0581985937,4.5811152292
Waterford,January 2018,13.9312875502,0.1775304759,0.0745257042,4.8889038113
Waterford,October 2010,1.2748649734,0.0389496669,0.0220425992,3.9686658491
Waterford,October 2015,1.9964924582,0.9557585204,0.0446955075,3.9798954113
Waterford,September 2002,4.1964869495,0.4221094085,0.0997373015,4.1191584733
Waterford,January 2014,2.3902878589,0.1105815778,0.0372118844,4.2087554268
Westmeath,April 2006,2.7667528972,0.0792829603,0.0332780197,2.4331645141
Westmeath,December 1993,13.4708079494,0.3627103766,0.0116988577,1.0448151253
Westmeath,August 1978,1.509146923,1.2448544944,0.0432870071,3.3243022371
Westmeath,January 1983,7.7000256732,0.7803092351,0.0077014119,4.8191491358
Westmeath,July 1978,11.8408181869,0.1262502892,0.0407829149,3.5698657123
Westmeath,February 2006,11.8866318348,1.3208536012,0.0017526641,1.7814723895
Westmeath,March 2007,8.815969153,0.9823475811,0.0518281801,2.2776996364
Westmeath,November 1992,1.8304935095,0.230831912,0.0102639234,3.1497376402
Westmeath,September 1984,1.4975017014,1.4565773808,0.0539612252,3.7465046815
Westmeath,March 1994,13.2131045947,1.0990397895,0.0644806988,1.3489686087
Westmeath,January 1985,11.7569478666,0.7980593724,0.0280660868,0.3398117774
Westmeath,February 1997,9.0642587757,0.7162372377,0.0793322825,2.6871941644
Westmeath,December 1986,0.1763731856,1.2506629213,0.0652945848,4.4255983925
Westmeath,March 1974,7.4805275297,1.0216224241,0.0915850757,3.6041821914
Westmeath,January 1983,11.5640466497,1.1798813091,0.0165286621,3.1647016228
Westmeath,October 1995,8.9134855125,0.5974928715,0.0691569274,1.0547699705
Westmeath,December 1990,7.6457807228,0.5352375884,0.0437032832,4.3760705869
Westmeath,July 1990,0.6086806428,1.0307551266,0.0971343536,0.0865622683
Westmeath,June 1988,11.6802523441,0.8009111907,0.083483614,2.2753811761
Westmeath,March 2006,0.4922788186,0.0868862723,0.0281724971,3.5230415612
Westmeath,June 1987,12.084485544,0.0516302382,0.0482643992,1.5414503824
Westmeath,March 1979,4.8435112,1.3970594107,0.057760259,1.7533284603
Westmeath,August 1995,10.8381581531,0.9273989228,0.0374152908,4.2754576925
Westmeath,June 1986,10.9148650978,0.2653610449,0.0532216447,4.4675112693
Westmeath,November 1971,1.8804388541,0.6380999079,0.0979001706,4.3342156792
Westmeath,March 2009,13.0032724628,0.641223068,0.0986155372,4.9585159151
Westmeath,June 1982,9.4421778211,0.3952042625,0.0215181618,0.0951252986
Westmeath,March 1995,3.3663652172,0.6139397575,0.0673620795,3.7793090883
Westmeath,December 2011,0.873885192,1.3725593199,0.0736618342,0.2299472255
Westmeath,March 2003,3.0261643462,0.7306545387,0.0834968976,0.236125951
Westmeath,April 1976,12.8375568145,0.5304904593,0.0235020535,1.7676156213
Westmeath,April 2004,8.3279869651,0.9841396051,0.0551208923,0.4873141512
Westmeath,October 2011,9.834022815,1.3089755542,0.0058692622,0.8204509409
Westmeath,August 1980,6.4340825008,0.0115034335,0.0434639161,3.5119222082
Wexford,July 2005,4.8561055305,0.7480928496,0.049165893,3.8016477975
Wexford,July 1977,7.546648966,0.7320953594,0.09395216,0.1067365504
Wexford,July 2006,3.9686598517,1.4642143853,0.0406732992,4.9418018167
Wexford,August 1985,9.6520220032,0.938985722,0.0305613799,1.6921297811
Wexford,April 2004,8.3892732908,0.8612467447,0.0718394852,1.4409199521
Wexford,September 2018,4.3345700995,1.312511938,0.0279230599,2.3134084733
Wexford,March 1971,13.4817021,0.0938983406,0.0918087248,0.1544402335
Wexford,March 2015,9.5581927201,0.536712882,0.0617330645,2.1366446055
Wexford,December 2013,9.8598200651,1.0814997098,0.0782316763,3.4774614331
Wexford,January 2010,2.3732566835,1.0613921782,0.0291838039,3.7871793217
Wexford,August 1976,4.5289356422,1.4634245746,0.0776755288,4.4665951311
Wexford,March 1997,12.2547078779,1.3601198215,0.0853395978,4.2734900083
Wexford,November 1985,10.6162164208,1.4349483791,0.0443330804,4.065660368
Wexford,November 1994,13.093800828,0.0223799238,0.0718477968,1.7426243365
Wexford,March 2015,10.4117658439,1.2712926017,0.0708825229,3.346920688
Wexford,October 1971,11.764267696,0.2430062962,0.0909110751,1.4299736141
Wexford,July 1982,4.2113566566,0.7290868214,0.074254108,4.3067453575
Wexford,January 2000,8.5958778502,1.1715810867,0.0834916214,1.6815575296
Wexford,June 2016,1.3529766278,0.5884489454,0.0380229285,3.8782196994
Wexford,September 2017,6.2307747883,0.9711028822,0.0532403072,0.1891406059
Wexford,June 2012,3.9194100155,1.3702977831,0.0073283633,3.5095128803
Wexford,February 1981,0.9231449569,0.5687299007,0.0082784571,2.68694653
Wexford,June 2006,0.6571419836,1.2091343689,0.0690826535,2.9916136804
Wexford,June 2006,0.9358972586,1.0408944184,0.0209625233,0.9824942186
Wexford,July 2011,9.9718017273,0.5681227084,0.0133835928,3.5442169918
Wexford,April 2014,12.9625102669,0.0299733269,0.092876025,4.9855021448
Wexford,March 2006,12.5183267431,0.7611657239,0.0131434206,1.422125728
Wexford,December 2000,1.4882956395,1.0214191179,0.0615074131,0.1561012867
Wexford,January 2006,13.6455100982,0.8319896991,0.0727059585,0.4290311582
Wexford,March 2004,13.5420159927,0.1409064566,0.0358715561,0.1162402151
Wexford,February 2000,11.8865078163,1.4576123312,0.0405369644,3.9305761154
Wexford,March 1975,3.2048665111,1.2795277893,0.0335196143,2.9652922908
Wexford,November 2015,4.7422373316,0.6654411003,0.0416392957,3.7085642188
Wexford,October 2016,5.6891815842,1.0323027685,0.0216017934,3.529827449
Wicklow,July 1991,13.5339933469,0.5531393338,0.0894545821,2.6005443386
Wicklow,March 1995,2.2186946104,0.1570765832,0.0446938022,4.248410681
Wicklow,August 1992,2.2311710617,0.3401820838,0.0055644514,4.2063835609
Wicklow,June 2002,9.6643260943,1.1036803812,0.0559419093,0.2066769298
Wicklow,June 1979,12.3218233583,0.6656797617,0.0758860585,0.889145747
Wicklow,October 1970,5.2466925755,1.4738615868,0.0828436632,1.3468217586
Wicklow,December 2000,13.6131175769,0.8309424914,0.0592329136,3.0885628065
Wicklow,September 1999,7.2184673541,1.4760091338,0.0009208222,2.9037760758
Wicklow,March 1979,4.7417367845,0.201440077,0.0913714203,0.3341050795
Wicklow,November 2018,8.4183903755,0.2383453509,0.054409011,2.168041862
Wicklow,January 2013,7.1861895216,0.9716318141,0.0858507721,0.8889686131
Wicklow,June 1989,5.9155838031,0.7563184936,0.0532086666,0.4390102366
Wicklow,November 1996,5.6433260494,0.3157899602,0.0500560952,4.8759103276
Wicklow,August 1984,11.9187103331,1.0594144549,0.0145311477,4.2542226095
Wicklow,August 2002,11.3375647072,0.2030799678,0.0494696201,0.1566877003
Wicklow,December 2016,9.6550807901,0.6757960385,0.0728353693,2.0984172466
Wicklow,July 1983,5.3755126694,0.2322507595,0.000620897,2.6040240478
Wicklow,October 2013,13.7576649851,0.3022807664,0.0795095964,4.2339511388
Wicklow,April 1972,11.9485237015,1.4122315664,0.0799728615,4.4786877808
Wicklow,August 2012,5.1397958674,1.4615994022,0.0733965924,1.712985658
Wicklow,March 1991,3.4288658499,1.0009341646,0.00682907,2.0766657927
Wicklow,October 1980,8.07148361,0.080166843,0.0721963677,3.4038205166
Wicklow,July 1995,12.549264208,0.8247467894,0.0130449252,0.6178877201
Wicklow,March 1993,7.8996219218,0.9150113816,0.0295715196,4.1913538725
Wicklow,June 1977,10.1034609536,0.073182917,0.0055636329,3.515778726
Wicklow,April 1997,2.4159858585,0.301293813,0.0213546421,1.9381216083
Wicklow,July 1985,12.0798403073,1.4735638839,0.0681571874,0.4493788239
Wicklow,July 1993,13.957231943,0.617345848,0.0917920663,1.3169079016
Wicklow,October 1991,2.4377021986,0.7779412428,0.0960650507,1.4367535526
Wicklow,October 2013,12.6446232825,0.020249421,0.0045588676,3.6107860134
Wicklow,March 2010,6.6471624535,0.3726694397,0.0892653644,0.2970222468
Wicklow,February 1972,12.331334862,0.9951826786,0.0817924822,1.7137362605
Wicklow,February 1987,10.485372286,0.9570967013,0.0160336362,1.5544745145
Wicklow,December 2001,10.2410088026,0.2933839489,0.0032304095,4.7245291087
Longford,July 2005,4.8561055305,0.7480928496,0.049165893,3.8016477975
Longford,July 1977,7.546648966,0.7320953594,0.09395216,0.1067365504
Longford,July 2006,3.9686598517,1.4642143853,0.0406732992,4.9418018167
Longford,August 1985,9.6520220032,0.938985722,0.0305613799,1.6921297811
Longford,April 2004,8.3892732908,0.8612467447,0.0718394852,1.4409199521
Longford,September 2018,4.3345700995,1.312511938,0.0279230599,2.3134084733
Longford,March 1971,13.4817021,0.0938983406,0.0918087248,0.1544402335
Longford,March 2015,9.5581927201,0.536712882,0.0617330645,2.1366446055
Longford,December 2013,9.8598200651,1.0814997098,0.0782316763,3.4774614331
Longford,January 2010,2.3732566835,1.0613921782,0.0291838039,3.7871793217
Longford,August 1976,4.5289356422,1.4634245746,0.0776755288,4.4665951311
Longford,March 1997,12.2547078779,1.3601198215,0.0853395978,4.2734900083
Longford,November 1985,10.6162164208,1.4349483791,0.0443330804,4.065660368
Longford,November 1994,13.093800828,0.0223799238,0.0718477968,1.7426243365
Longford,March 2015,10.4117658439,1.2712926017,0.0708825229,3.346920688
Longford,October 1971,11.764267696,0.2430062962,0.0909110751,1.4299736141
Longford,July 1982,4.2113566566,0.7290868214,0.074254108,4.3067453575
Longford,January 2000,8.5958778502,1.1715810867,0.0834916214,1.6815575296
Longford,June 2016,1.3529766278,0.5884489454,0.0380229285,3.8782196994
Longford,September 2017,6.2307747883,0.9711028822,0.0532403072,0.1891406059
Longford,June 2012,3.9194100155,1.3702977831,0.0073283633,3.5095128803
Longford,February 1981,0.9231449569,0.5687299007,0.0082784571,2.68694653
Longford,June 2006,0.6571419836,1.2091343689,0.0690826535,2.9916136804
Longford,June 2006,0.9358972586,1.0408944184,0.0209625233,0.9824942186
Longford,July 2011,9.9718017273,0.5681227084,0.0133835928,3.5442169918
Longford,April 2014,12.9625102669,0.0299733269,0.092876025,4.9855021448
Longford,March 2006,12.5183267431,0.7611657239,0.0131434206,1.422125728
Longford,December 2000,1.4882956395,1.0214191179,0.0615074131,0.1561012867
Longford,January 2006,13.6455100982,0.8319896991,0.0727059585,0.4290311582
Longford,March 2004,13.5420159927,0.1409064566,0.0358715561,0.1162402151
Longford,February 2000,11.8865078163,1.4576123312,0.0405369644,3.9305761154
